[
  {
    "name": "CISO",
    "zoneName": "US-CAL-CISO",
    "utilities": [
      "Bear Valley Electric Service",
      "City & County of San Francisco (Utility Company)",
      "City of Alameda, California (Utility Company)",
      "City of Anaheim, California (Utility Company)",
      "City of Azusa, California (Utility Company)",
      "City of Corona, California (Utility Company)",
      "City of Glendale, California (Utility Company)",
      "City of Lodi, California (Utility Company)",
      "City of Moreno Valley,, California (Utility Company)",
      "City of Palo Alto, California (Utility Company)",
      "City of Pasadena, California (Utility Company)",
      "City of Riverside, California (Utility Company)",
      "City of Roseville, California (Utility Company)",
      "City of Santa Clara, California (Utility Company)",
      "City of Seattle, Washington (Utility Company)",
      "City of Vernon, California (Utility Company)",
      "Dixie Escalante R E A, Inc",
      "Dixie Escalante R E A, Inc (Arizona)",
      "Imperial Irrigation District",
      "Lehi City Corporation (Utility Company)",
      "Modesto Irrigation District",
      "Pacific Gas & Electric Co",
      "Peninsula Clean Energy",
      "Portland General Electric Co",
      "Public Utility District No 2",
      "San Diego Gas & Electric Co",
      "Southern California Edison Co",
      "Tucson Electric Power Co",
      "UNS Electric, Inc",
      "Valley Electric Assn, Inc",
      "Valley Electric Assn, Inc (Nevada)"
    ],
    "totalPlans": 1326,
    "numUtilities": 31
  },
  {
    "name": "ISONE",
    "zoneName": "US-NE-ISNE",
    "utilities": [
      "Bangor Hydro-Electric Co",
      "Block Island Power Co",
      "Bozrah Light & Power Company",
      "Central Maine Power Co",
      "City of Burlington-Electric, Vermont (Utility Company)",
      "City of Chicopee, Massachusetts (Utility Company)",
      "City of Holyoke, Massachusetts (Utility Company)",
      "City of Norwich, Connecticut (Utility Company)",
      "City of Norwood, Massachusetts (Utility Company)",
      "City of Peabody, Massachusetts (Utility Company)",
      "City of Taunton, Massachusetts (Utility Company)",
      "City of Westfield, Massachusetts (Utility Company)",
      "Connecticut Light & Power Co",
      "Fishers Island Utility Co Inc",
      "Granite State Electric Co (New Hampshire)",
      "Green Mountain Power Corp",
      "Groton Dept of Utilities",
      "Massachusetts Electric Co",
      "NSTAR Electric Company",
      "Nantucket Electric Co (Massachusetts)",
      "New Hampshire Elec Coop Inc",
      "Pascoag Utility District",
      "Public Service Co of NH",
      "The Narragansett Electric Co",
      "Town of Braintree, Massachusetts (Utility Company)",
      "Town of Danvers, Massachusetts (Utility Company)",
      "Town of Hudson, Massachusetts (Utility Company)",
      "Town of Littleton, Massachusetts (Utility Company)",
      "Town of Madison, Maine (Utility Company)",
      "Town of Mansfield, Massachusetts (Utility Company)",
      "Town of Middleborough, Massachusetts (Utility Company)",
      "Town of North Attleborough, Massachusetts (Utility Company)",
      "Town of Reading, Massachusetts (Utility Company)",
      "Town of Shrewsbury, Massachusetts (Utility Company)",
      "Town of Wallingford, Connecticut (Utility Company)",
      "Town of Wellesley, Massachusetts (Utility Company)",
      "United Illuminating Co",
      "Unitil Energy Systems",
      "Unitil Energy Systems (Massachusetts)",
      "Vermont Electric Cooperative, Inc."
    ],
    "totalPlans": 609,
    "numUtilities": 40
  },
  {
    "name": "BPAT",
    "zoneName": "US-NW-BPAT",
    "utilities": [],
    "totalPlans": 0,
    "numUtilities": 0
  },
  {
    "name": "MISO",
    "zoneName": "US-MIDW-MISO",
    "utilities": [
      "Adams-Columbia Electric Coop",
      "Alger-Delta Coop Electric Assn",
      "Algoma Utility Comm",
      "Amana Society Service Co",
      "Ameren Illinois Company",
      "Barron Electric Coop",
      "Bartholomew County Rural E M C",
      "Board of Water Electric & Communications",
      "Boone Electric Coop",
      "Brainerd Public Utilities",
      "Brodhead Water & Lighting Comm",
      "Capital Electric Coop, Inc",
      "Carroll Electric Coop Corp",
      "Cedar Falls Utilities",
      "Cedarburg Light & Water Comm",
      "Cherryland Electric Coop Inc",
      "Citizens Electric Corporation",
      "City Water and Light Plant",
      "City of Alexandria, Louisiana (Utility Company)",
      "City of Alexandria, Minnesota (Utility Company)",
      "City of Ames, Iowa (Utility Company)",
      "City of Anoka, Minnesota (Utility Company)",
      "City of Austin, Minnesota (Utility Company)",
      "City of Bay City, Michigan (Utility Company)",
      "City of Benton, Arkansas (Utility Company)",
      "City of Berea Municipal Utility, Kentucky",
      "City of Black River Falls, Wisconsin (Utility Company)",
      "City of Boscobel, Wisconsin (Utility Company)",
      "City of Chaska, Minnesota (Utility Company)",
      "City of Columbia, Missouri (Utility Company)",
      "City of Columbus, Wisconsin (Utility Company)",
      "City of Crystal Falls, Michigan (Utility Company)",
      "City of Cuba City, Wisconsin (Utility Company)",
      "City of Eagle River, Wisconsin (Utility Company)",
      "City of Elk River, Minnesota (Utility Company)",
      "City of Evansville, Wisconsin (Utility Company)",
      "City of Farmington, Missouri (Utility Company)",
      "City of Frankfort, Indiana (Utility Company)",
      "City of Gladstone, Michigan (Utility Company)",
      "City of Grand Haven, Michigan (Utility Company)",
      "City of Greenfield, Indiana (Utility Company)",
      "City of Hannibal, Missouri (Utility Company)",
      "City of Holland, Michigan (Utility Company)",
      "City of Independence, Iowa (Utility Company)",
      "City of Jasper, Indiana (Utility Company)",
      "City of Kaukauna, Wisconsin (Utility Company)",
      "City of Kirkwood, Missouri (Utility Company)",
      "City of Lafayette, Louisiana (Utility Company)",
      "City of Lake Crystal, Minnesota (Utility Company)",
      "City of Lansing, Michigan (Utility Company)",
      "City of Lebanon, Indiana (Utility Company)",
      "City of Lodi, Wisconsin (Utility Company)",
      "City of Maquoketa, Iowa (Utility Company)",
      "City of Marquette, Michigan (Utility Company)",
      "City of Marshall, Minnesota (Utility Company)",
      "City of Marshfield, Wisconsin (Utility Company)",
      "City of Menasha, Wisconsin (Utility Company)",
      "City of Negaunee, Michigan (Utility Company)",
      "City of New Holstein, Wisconsin (Utility Company)",
      "City of New Richmond, Wisconsin (Utility Company)",
      "City of North Little Rock, Arkansas (Utility Company)",
      "City of Norway, Michigan (Utility Company)",
      "City of Owatonna, Minnesota (Utility Company)",
      "City of Peru, Illinois (Utility Company)",
      "City of Peru, Indiana (Utility Company)",
      "City of Plymouth, Wisconsin (Utility Company)",
      "City of Preston, Iowa (Utility Company)",
      "City of Richland Center, Wisconsin (Utility Company)",
      "City of River Falls, Wisconsin (Utility Company)",
      "City of Rolla, Missouri (Utility Company)",
      "City of Ruston, Louisiana (Utility Company)",
      "City of Springfield, Illinois (Utility Company)",
      "City of Stoughton, Wisconsin (Utility Company)",
      "City of Sturgeon Bay, Wisconsin (Utility Company)",
      "City of Traverse City, Michigan (Utility Company)",
      "City of Westby, Wisconsin (Utility Company)",
      "City of Worthington, Minnesota (Utility Company)",
      "City of Zeeland, Michigan (Utility Company)",
      "Claiborne Electric Coop, Inc",
      "Clark County Rural E M C",
      "Clay County Electric Coop Corp",
      "Cleco Power LLC",
      "Cloverland Electric Co-op",
      "Coast Electric Power Assn",
      "Coldwater Board of Public Util",
      "Coles-Moultrie Electric Coop",
      "Consolidated Water Power Co",
      "Consumers Energy",
      "Consumers Energy Co",
      "Corn Belt Energy Corporation",
      "Crawfordsville Elec, Lgt & Pwr",
      "Crow Wing Cooperative Power & Light Comp",
      "DTE Electric",
      "Dahlberg Light & Power Co",
      "Dakota Electric Association",
      "Decatur County Rural E M C",
      "Delta Electric Power Assn",
      "Detroit Edison Co",
      "Dixie Electric Membership Corp",
      "Dixie Electric Power Assn",
      "Dubois Rural Electric Coop Inc",
      "Duke Energy Indiana Inc",
      "Dunn County Electric Coop",
      "East-Central Iowa Rural Elec Coop",
      "Entergy Arkansas Inc",
      "Entergy Arkansas Inc (Arkansas)",
      "Entergy Louisiana Inc",
      "Entergy Mississippi Inc",
      "Entergy New Orleans Inc",
      "Entergy Power, Inc",
      "Entergy Texas Inc.",
      "First Electric Coop Corp",
      "Florence Utility Comm",
      "Freeborn-Mower Coop Services",
      "Freeborn-Mower Coop Services (Iowa)",
      "Glencoe Light & Power Comm",
      "Great Lakes Energy Coop",
      "Greenwood Utilities Comm",
      "Hancock County Rural E M C",
      "Harrison County Rural E M C",
      "Hartford Electric",
      "Heartland Power Coop",
      "Heartland Power Coop (Minnesota)",
      "Henderson City Utility Comm",
      "Hendricks County Rural E M C",
      "Hustisford Utilities",
      "Hutchinson Utilities Comm",
      "Indianapolis Power & Light Co",
      "Interstate Power and Light Co",
      "Interstate Power and Light Co (Minnesota)",
      "Itasca-Mantrap Co-op Electrical Assn",
      "Jackson County Rural E M C",
      "Jackson Purchase Energy Corporation",
      "Jasper County Rural E M C",
      "Jasper-Newton Elec Coop, Inc",
      "Jefferson Utilities",
      "Johnson County Rural E M C",
      "Juneau Utility Comm",
      "Kenergy Corp",
      "Lafayette Public Power Auth",
      "Lake Country Power",
      "Lake Mills Light & Water",
      "Lake Region Electric Cooperative",
      "Linn County Rural E C A",
      "Madison Gas & Electric Co",
      "Manitowoc Public Utilities",
      "Meade County Rural E C C",
      "Meeker Coop Light & Power Assn",
      "Mille Lacs Energy Cooperative",
      "Minnesota Power Inc",
      "Mississippi County Electric Coop",
      "Montana-Dakota Utilities Co",
      "Montana-Dakota Utilities Co (North Dakota)",
      "Montana-Dakota Utilities Co (South Dakota)",
      "Montana-Dakota Utilities Co (Wyoming)",
      "Mt Carmel Public Utility Co",
      "New London Electric&Water Util",
      "Nodak Electric Coop Inc",
      "North Central Power Co Inc",
      "Northern Indiana Pub Serv Co",
      "Northern States Power Co - Minnesota",
      "Northern States Power Co - Minnesota (North Dakota)",
      "Northern States Power Co - Minnesota (South Dakota)",
      "Northern States Power Co - Wisconsin",
      "Northern States Power Co - Wisconsin (Michigan)",
      "Northwestern Wisconsin Elec Co",
      "Oconomowoc Utilities",
      "Oconto Falls Water & Light Comm",
      "Otter Tail Power Co",
      "Otter Tail Power Co (North Dakota)",
      "Otter Tail Power Co (South Dakota)",
      "Ouachita Electric Coop Corp",
      "People's Cooperative Services",
      "Petit Jean Electric Coop Corp",
      "Pointe Coupee Elec Member Corp",
      "Presque Isle Elec & Gas Coop",
      "Reedsburg Utility Comm",
      "Riverland Energy Cooperative",
      "Rochester Public Utilities",
      "Rosebud Electric Coop Inc",
      "Scenic Rivers Energy Coop",
      "Shakopee Public Utilities Comm",
      "Shawano Municipal Utilities",
      "Shelby Electric Coop, Inc",
      "Singing River Elec Pwr Assn (Mississippi)",
      "Slinger Utilities",
      "South Central Indiana REMC",
      "South Louisiana Elec Coop Assn",
      "Southeastern Indiana R E M C",
      "Southern Indiana Gas & Elec Co",
      "Southern Indiana R E C, Inc",
      "Southwest Arkansas E C C",
      "Southwest Arkansas E C C (Arkansas)",
      "Southwestern Electric Coop Inc",
      "Stearns Cooperative Elec Assn",
      "Sun Prairie Water & Light Comm",
      "Terrebonne Parish Consol Gov't",
      "Tri-County Electric Coop",
      "Tri-County Electric Coop (Michigan)",
      "Two Rivers Water & Light",
      "Union Electric Co",
      "Upper Peninsula Power Co",
      "Utilities Dist-Western IN REMC",
      "Village of Baraga, Michigan (Utility Company)",
      "Village of L'Anse, Michigan (Utility Company)",
      "Village of Mt Horeb, Wisconsin (Utility Company)",
      "Village of Muscoda, Wisconsin (Utility Company)",
      "Village of New Glarus, Wisconsin (Utility Company)",
      "Village of Prairie Du Sac, Wisconsin (Utility Company)",
      "Village of Waunakee, Wisconsin (Utility Company)",
      "Vinton Public Power Auth",
      "Washington-St Tammany E C, Inc",
      "Waterloo Light & Water Comm",
      "Waupun Utilities",
      "Wayne-White Counties Elec Coop",
      "Whitehall Electric Utility",
      "Whitewater Valley Rural EMC",
      "Wild Rice Electric Coop, Inc",
      "Willmar Municipal Utilities",
      "Wisconsin Electric Power Co",
      "Wisconsin Electric Power Co (Michigan)",
      "Wisconsin Power & Light Co",
      "Wisconsin Public Service Corp",
      "Wisconsin Public Service Corp (Michigan)",
      "Wisconsin Rapids W W & L Comm",
      "Wright-Hennepin Coop Elec Assn",
      "Wyandotte Municipal Serv Comm"
    ],
    "totalPlans": 1849,
    "numUtilities": 227
  },
  {
    "name": "NYISO",
    "zoneName": "US-NY-NYIS",
    "utilities": [
      "Central Hudson Gas & Elec Corp",
      "City of Plattsburgh, New York (Utility Company)",
      "Consolidated Edison Co-NY Inc",
      "Jamestown Board of Public Util",
      "Long Island Power Authority",
      "National Grid Generation, LLC",
      "New York Power Authority",
      "New York State Elec & Gas Corp",
      "Niagara Mohawk Power Corp.",
      "Orange & Rockland Utils Inc",
      "Pike County Light & Power Co (Pennsylvania)",
      "Rochester Gas & Electric Corp",
      "Town of Massena, New York (Utility Company)",
      "Village of Fairport, New York (Utility Company)",
      "Village of Freeport, New York (Utility Company)",
      "Village of Solvay, New York (Utility Company)"
    ],
    "totalPlans": 452,
    "numUtilities": 16
  },
  {
    "name": "PJM",
    "zoneName": "US-MIDA-PJM",
    "utilities": [
      "A & N Electric Coop (Virginia)",
      "Adams Electric Cooperative Inc",
      "Appalachian Power Co (Virginia)",
      "Appalachian Power Co (West Virginia)",
      "Atlantic City Electric Co",
      "Baltimore Gas & Electric Co",
      "Bedford Rural Elec Coop, Inc",
      "Blue Grass Energy Coop Corp",
      "Borough of Chambersburg, Pennsylvania (Utility Company)",
      "Buckeye Rural Elec Coop, Inc",
      "Butler Rural Electric Coop Inc",
      "Central Virginia Electric Coop",
      "Choptank Electric Coop, Inc",
      "City of Anderson, Indiana (Utility Company)",
      "City of Auburn, Indiana (Utility Company)",
      "City of Batavia, Illinois (Utility Company)",
      "City of Bluffton, Indiana (Utility Company)",
      "City of Cleveland, Ohio (Utility Company)",
      "City of Columbus, Ohio (Utility Company)",
      "City of Cuyahoga Falls, Ohio (Utility Company)",
      "City of Danville, Virginia (Utility Company)",
      "City of Dover, Delaware (Utility Company)",
      "City of Dover, Ohio (Utility Company)",
      "City of Geneva, Illinois (Utility Company)",
      "City of Hamilton, Ohio (Utility Company)",
      "City of Harrisonburg, Virginia (Utility Company)",
      "City of Lebanon, Ohio (Utility Company)",
      "City of Manassas, Virginia (Utility Company)",
      "City of Milford, Delaware (Utility Company)",
      "City of Mishawaka, Indiana (Utility Company)",
      "City of Naperville, Illinois (Utility Company)",
      "City of Newark, Delaware (Utility Company)",
      "City of Niles, Ohio (Utility Company)",
      "City of Orrville, Ohio (Utility Company)",
      "City of Painesville, Ohio (Utility Company)",
      "City of Piqua, Ohio (Utility Company)",
      "City of Richmond, Indiana (Utility Company)",
      "City of Salem, Virginia (Utility Company)",
      "City of St Charles, Illinois (Utility Company)",
      "City of Sturgis, Michigan (Utility Company)",
      "City of Vineland, New Jersey (Utility Company)",
      "City of Wadsworth, Ohio (Utility Company)",
      "City of Westerville, Ohio (Utility Company)",
      "Claverack Rural Elec Coop Inc",
      "Cleveland Electric Illum Co",
      "Clyde Light & Power",
      "Commonwealth Edison Co",
      "Consolidated Electric Coop Inc",
      "Cumberland Valley Rural E C C",
      "Cumberland Valley Rural E C C (Tennessee)",
      "Dayton Power & Light Co",
      "Delaware Electric Cooperative",
      "Delmarva Power",
      "Delmarva Power (Maryland)",
      "Duke Energy Kentucky, Inc.",
      "Duke Energy Ohio Inc",
      "Easton Utilities Comm",
      "Edgecombe-Martin County E M C",
      "Farmers Rural Electric Coop Corp",
      "Florida Power & Light Co.",
      "Guernsey-Muskingum El Coop Inc",
      "Hagerstown Light Department",
      "Hancock-Wood Electric Coop Inc",
      "Holmes-Wayne Electric Coop Inc",
      "Indiana Michigan Power Co (Indiana)",
      "Indiana Michigan Power Co (Michigan)",
      "Inter County Energy Coop Corp",
      "Jackson Energy Coop Corp",
      "Jersey Central Power & Lt Co (New Jersey)",
      "Kentucky Power Co",
      "Kingsport Power Co (Tennessee)",
      "Licking Rural Electric Inc",
      "Licking Valley Rural E C C",
      "Lorain-Medina R E C, Inc",
      "Mecklenburg Electric Coop, Inc",
      "Mecklenburg Electric Coop, Inc (North Carolina)",
      "MidAmerican Energy Co",
      "MidAmerican Energy Co (Illinois)",
      "MidAmerican Energy Co (South Dakota)",
      "Midwest Electric, Inc",
      "Midwest Energy Cooperative",
      "Monongahela Power Co (West Virginia)",
      "Noble County R E M C",
      "Nolin Rural Electric Coop Corp",
      "North Central Elec Coop, Inc",
      "Northeastern Rural E M C",
      "Northern Neck Elec Coop, Inc",
      "Northern Virginia Elec Coop",
      "Northwestern Rural E C A, Inc",
      "Ohio Edison Co",
      "Ohio Power Co",
      "PECO Energy Co",
      "PPL Electric Utilities Corp",
      "Paulding-Putman Elec Coop, Inc",
      "Paulding-Putman Elec Coop, Inc (Indiana)",
      "Pioneer Rural Elec Coop, Inc",
      "Potomac Electric Power Co",
      "Potomac Electric Power Co (Maryland)",
      "Prince George Electric Coop",
      "Public Service Elec & Gas Co",
      "REA Energy Coop Inc",
      "Rappahannock Electric Coop",
      "Roanoke Electric Member Corp",
      "Rochelle Municipal Utilities",
      "Rockland Electric Co",
      "Rockland Electric Co (New Jersey)",
      "Salt River Electric Coop Corp",
      "Shelby Energy Co-op, Inc",
      "Shenandoah Valley Elec Coop",
      "Somerset Rural Elec Coop, Inc",
      "South Central Power Company",
      "South Kentucky Rural Electric Coop Corp",
      "South Kentucky Rural Electric Coop Corp (Tennessee)",
      "Southern Maryland Elec Coop Inc",
      "Southside Electric Coop, Inc",
      "The Potomac Edison Co (Maryland)",
      "The Potomac Edison Co (West Virginia)",
      "The Toledo Edison Co",
      "Tideland Electric Member Corp",
      "Town of Middletown, Delaware (Utility Company)",
      "Tri-County Rural Elec Coop Inc",
      "UGI Utilities, Inc",
      "Union Rural Electric Coop, Inc",
      "Valley Rural Electric Coop Inc",
      "Virginia Electric & Power Co",
      "Virginia Electric & Power Co (North Carolina)",
      "Virginia Tech Electric Service",
      "Wellsborough Electric Co"
    ],
    "totalPlans": 1310,
    "numUtilities": 128
  },
  {
    "name": "SOCO",
    "zoneName": "US-SE-SOCO",
    "utilities": [],
    "totalPlans": 0,
    "numUtilities": 0
  },
  {
    "name": "TVA",
    "zoneName": "US-TEN-TVA",
    "utilities": [],
    "totalPlans": 0,
    "numUtilities": 0
  },
  {
    "name": "ERCOT",
    "zoneName": "US-TEX-ERCO",
    "utilities": [
      "AEP Texas Central Company",
      "AEP Texas North Company",
      "Austin Energy",
      "Bandera Electric Coop, Inc",
      "Bartlett Electric Coop, Inc",
      "Big Country Electric Coop, Inc",
      "Bluebonnet Electric Coop, Inc",
      "Brownsville Public Utilities Board",
      "CenterPoint Energy",
      "Central Texas Elec Coop, Inc",
      "City of Brenham, Texas (Utility Company)",
      "City of Bryan, Texas (Utility Company)",
      "City of College Station, Texas (Utility Company)",
      "City of Denton, Texas (Utility Company)",
      "City of Garland, Texas (Utility Company)",
      "City of Georgetown, Texas (Utility Company)",
      "City of Greenville,, Texas (Utility Company)",
      "City of Lubbock, Texas (Utility Company)",
      "City of New Braunfels, Texas (Utility Company)",
      "City of San Marcos, Texas (Utility Company)",
      "City of Seguin, Texas (Utility Company)",
      "Cobb Electric Membership Corp",
      "Comanche County Elec Coop Assn",
      "Concho Valley Elec Coop Inc",
      "Denton County Elec Coop, Inc",
      "Fannin County Electric Coop",
      "Farmers Electric Coop, Inc (Texas)",
      "HILCO Electric Cooperative, Inc.",
      "Hamilton County Elec Coop Assn",
      "Heart of Texas Electric Coop",
      "Houston County Elec Coop Inc",
      "Karnes Electric Coop Inc",
      "Lamar County Elec Coop Assn",
      "Lighthouse Electric Coop, Inc",
      "Lyntegar Electric Coop, Inc",
      "Magic Valley Electric Coop Inc",
      "Medina Electric Coop, Inc",
      "Mid-South Electric Coop Assn",
      "Nueces Electric Coop, Inc",
      "Oncor Electric Delivery Company LLC",
      "PPL EnergyPlus LLC",
      "Pedernales Electric Coop, Inc",
      "Rio Grande Electric Coop, Inc",
      "Rio Grande Electric Coop, Inc (New Mexico)",
      "San Bernard Electric Coop, Inc",
      "San Patricio Electric Coop Inc",
      "Sharyland Utilities LP",
      "South Plains Electric Coop Inc",
      "Southwest Texas Elec Coop, Inc",
      "Texas-New Mexico Power Co",
      "Tri-County Electric Coop, Inc (Texas)",
      "Trico Electric Cooperative Inc",
      "Trinity Valley Elec Coop Inc",
      "United Electric Coop Service Inc",
      "Weatherford Mun Utility System",
      "Wharton County Elec Coop, Inc"
    ],
    "totalPlans": 264,
    "numUtilities": 56
  },
  {
    "name": "SPP",
    "zoneName": "US-CENT-SWPP",
    "utilities": [],
    "totalPlans": 0,
    "numUtilities": 0
  },
  {
    "name": "DUK",
    "zoneName": "US-CAR-DUK",
    "utilities": [],
    "totalPlans": 0,
    "numUtilities": 0
  },
  {
    "name": "SCEG",
    "zoneName": "US-CAR-SCEG",
    "utilities": [],
    "totalPlans": 0,
    "numUtilities": 0
  },
  {
    "name": "FPL",
    "zoneName": "US-FLA-FPL",
    "utilities": [],
    "totalPlans": 0,
    "numUtilities": 0
  },
  {
    "name": "PACW",
    "zoneName": "US-NW-PACW",
    "utilities": [],
    "totalPlans": 0,
    "numUtilities": 0
  },
  {
    "name": "AZPS",
    "zoneName": "US-SW-AZPS",
    "utilities": [],
    "totalPlans": 0,
    "numUtilities": 0
  },
  {
    "name": "SRP",
    "zoneName": "US-SW-SRP",
    "utilities": [],
    "totalPlans": 0,
    "numUtilities": 0
  }
]